customer_id,customer_name,region_id,segment,signup_date
CUST-0001,Zooxo Partners,APAC,SMB,2021-07-07
CUST-0002,Yodel Co,MEA,Enterprise,2019-11-29
CUST-0003,Mybuzz Systems,EU,Mid-Market,2021-12-08
CUST-0004,Zooxo Holdings,NA,SMB,2021-01-16
CUST-0005,Skipfire Inc,NA,Enterprise,2020-08-08
CUST-0006,Quaxo Systems,NA,Enterprise,2021-08-11
CUST-0007,Twinte Partners,NA,SMB,2020-01-23
CUST-0008,Kanoodle Partners,APAC,Mid-Market,2020-11-18
CUST-0009,Quaxo Inc,NA,SMB,2019-02-20
CUST-0010,Skiba Co,EU,Enterprise,2021-11-07
CUST-0011,Quaxo Group,APAC,Mid-Market,2020-06-29
CUST-0012,Skipfire Systems,EU,Mid-Market,2021-02-15
CUST-0013,Rhybox Holdings,NA,SMB,2019-11-04
CUST-0014,Mybuzz Partners,APAC,Enterprise,2021-06-19
CUST-0015,Quaxo Co,APAC,SMB,2018-04-19
CUST-0016,Dabfeed LLC,APAC,SMB,2018-06-16
CUST-0017,Zooxo Co,NA,SMB,2020-01-11
CUST-0018,Skiba Inc,NA,Mid-Market,2020-12-05
CUST-0019,Skiba Partners,LATAM,SMB,2021-03-27
CUST-0020,Bluezoom Holdings,NA,Enterprise,2019-10-05
CUST-0021,Dabtype Partners,NA,Mid-Market,2020-08-06
CUST-0022,Kanoodle Group,EU,SMB,2020-03-18
CUST-0023,Zooxo Systems,APAC,SMB,2021-11-04
CUST-0024,Dabfeed Systems,MEA,SMB,2020-08-12
CUST-0025,Kanoodle Partners,NA,Mid-Market,2019-09-01
CUST-0026,Twinte LLC,LATAM,Mid-Market,2021-11-16
CUST-0027,Photobean Co,NA,SMB,2018-06-06
CUST-0028,Dabfeed Inc,EU,Mid-Market,2021-12-08
CUST-0029,Quaxo LLC,EU,SMB,2018-08-13
CUST-0030,Twinte Holdings,NA,Mid-Market,2019-02-25
CUST-0031,Vinte Partners,NA,Enterprise,2021-04-14
CUST-0032,Photobean Systems,EU,Mid-Market,2020-12-07
CUST-0033,Mybuzz Group,MEA,Mid-Market,2021-11-17
CUST-0034,Vinte Group,EU,Mid-Market,2020-12-30
CUST-0035,Zooxo Co,LATAM,SMB,2020-07-19
CUST-0036,Rhybox LLC,APAC,SMB,2019-05-21
CUST-0037,Dabfeed Inc,EU,SMB,2018-01-07
CUST-0038,Kanoodle Co,APAC,SMB,2018-06-30
CUST-0039,Viva LLC,NA,Mid-Market,2019-03-11
CUST-0040,Jaxbean Holdings,NA,Mid-Market,2018-03-01
CUST-0041,Vinte Co,APAC,Enterprise,2020-01-12
CUST-0042,Dabtype Partners,APAC,SMB,2021-02-08
CUST-0043,Yodel Holdings,NA,Mid-Market,2021-11-07
CUST-0044,Zooxo Group,EU,SMB,2019-12-16
CUST-0045,Twinte Partners,EU,SMB,2021-07-01
CUST-0046,Mybuzz Partners,LATAM,Mid-Market,2021-12-09
CUST-0047,Skiba Group,EU,Enterprise,2021-06-09
CUST-0048,Vinte Group,EU,Mid-Market,2019-11-10
CUST-0049,Bluezoom Holdings,NA,SMB,2019-04-20
CUST-0050,Yodel Inc,EU,Mid-Market,2021-11-28
CUST-0051,Rhybox LLC,APAC,SMB,2018-12-20
CUST-0052,Rhybox Inc,LATAM,Enterprise,2019-08-24
CUST-0053,Rhybox Partners,EU,Mid-Market,2018-04-19
CUST-0054,Rhybox Holdings,NA,SMB,2021-03-04
CUST-0055,Dabfeed Holdings,NA,SMB,2020-08-06
CUST-0056,Bluezoom Partners,APAC,SMB,2018-05-04
CUST-0057,Jaxbean Co,APAC,Enterprise,2018-11-21
CUST-0058,Quaxo Co,NA,SMB,2020-03-21
CUST-0059,Realcube Inc,NA,Mid-Market,2020-02-29
CUST-0060,Bluezoom Inc,EU,Mid-Market,2021-03-17
CUST-0061,Mybuzz Holdings,NA,Mid-Market,2019-01-24
CUST-0062,Yodel Co,APAC,SMB,2021-09-12
CUST-0063,Skiba Co,NA,Enterprise,2019-10-11
CUST-0064,Zooxo Partners,NA,SMB,2021-04-15
CUST-0065,Jaxbean Holdings,LATAM,Mid-Market,2018-12-15
CUST-0066,Jaxbean Co,NA,Mid-Market,2018-02-23
CUST-0067,Zooxo Co,NA,Mid-Market,2018-03-22
CUST-0068,Rhybox Group,NA,Enterprise,2019-06-29
CUST-0069,Jaxbean Inc,NA,SMB,2021-10-23
CUST-0070,Photobean Co,NA,SMB,2018-03-13
CUST-0071,Voonix LLC,NA,SMB,2019-06-23
CUST-0072,Bluezoom Group,NA,SMB,2018-06-09
CUST-0073,Voonix Partners,NA,SMB,2021-09-22
CUST-0074,Realcube LLC,EU,SMB,2020-09-12
CUST-0075,Rhybox Inc,APAC,SMB,2021-01-18
CUST-0076,Skiba LLC,NA,SMB,2020-11-07
CUST-0077,Vinte Group,NA,SMB,2020-08-17
CUST-0078,Mybuzz Holdings,EU,Mid-Market,2021-02-03
CUST-0079,Dabtype Co,LATAM,Mid-Market,2018-01-12
CUST-0080,Quaxo Partners,LATAM,SMB,2021-06-17
CUST-0081,Voonix Holdings,NA,SMB,2020-12-16
CUST-0082,Mybuzz Group,NA,SMB,2020-12-15
CUST-0083,Mybuzz Partners,NA,Mid-Market,2019-07-29
CUST-0084,Viva LLC,NA,SMB,2021-03-15
CUST-0085,Photobean Inc,EU,SMB,2019-07-12
CUST-0086,Zooxo Inc,EU,SMB,2018-03-13
CUST-0087,Twinte Partners,NA,SMB,2021-08-18
CUST-0088,Kanoodle Co,NA,SMB,2018-12-09
CUST-0089,Kanoodle LLC,EU,Mid-Market,2018-05-29
CUST-0090,Vinte Co,NA,Mid-Market,2020-06-26
CUST-0091,Vinte LLC,APAC,Mid-Market,2018-12-08
CUST-0092,Dabfeed Holdings,NA,Mid-Market,2021-06-06
CUST-0093,Dabfeed Co,LATAM,Mid-Market,2019-10-10
CUST-0094,Dabtype Group,NA,SMB,2018-01-07
CUST-0095,Bluezoom Group,APAC,Mid-Market,2021-10-21
CUST-0096,Kanoodle Holdings,LATAM,SMB,2020-01-22
CUST-0097,Jaxbean Group,MEA,SMB,2019-01-19
CUST-0098,Voonix Inc,APAC,Mid-Market,2020-09-15
CUST-0099,Photobean Inc,APAC,SMB,2020-02-14
CUST-0100,Photobean Systems,EU,SMB,2018-02-13
CUST-0101,Photobean Systems,APAC,Mid-Market,2021-01-14
CUST-0102,Dabfeed Holdings,NA,Enterprise,2019-08-09
CUST-0103,Dabfeed LLC,EU,Enterprise,2020-10-18
CUST-0104,Twinte Systems,EU,SMB,2021-07-31
CUST-0105,Bluezoom Partners,LATAM,SMB,2020-06-10
CUST-0106,Bluezoom Partners,EU,Mid-Market,2020-09-07
CUST-0107,Rhybox Co,NA,SMB,2019-01-07
CUST-0108,Twinte LLC,EU,Mid-Market,2018-12-13
CUST-0109,Zooxo Inc,NA,SMB,2019-08-29
CUST-0110,Dabfeed Systems,NA,SMB,2021-05-30
CUST-0111,Dabtype Co,EU,SMB,2020-02-05
CUST-0112,Kanoodle LLC,EU,Mid-Market,2019-05-24
CUST-0113,Kanoodle Group,NA,SMB,2021-02-12
CUST-0114,Rhybox Holdings,NA,SMB,2021-05-30
CUST-0115,Quaxo LLC,NA,SMB,2021-08-10
CUST-0116,Dabfeed Partners,NA,SMB,2019-03-13
CUST-0117,Realcube Partners,NA,SMB,2020-11-02
CUST-0118,Dabfeed Partners,APAC,Mid-Market,2020-05-11
CUST-0119,Yodel Co,NA,SMB,2019-10-18
CUST-0120,Viva Holdings,LATAM,Mid-Market,2019-08-03
CUST-0121,Dabtype Holdings,LATAM,Enterprise,2018-06-17
CUST-0122,Zooxo Holdings,EU,SMB,2019-02-06
CUST-0123,Yodel Inc,NA,SMB,2020-03-13
CUST-0124,Twinte Group,EU,Mid-Market,2021-07-18
CUST-0125,Rhybox Inc,APAC,SMB,2021-06-18
CUST-0126,Skipfire Co,APAC,SMB,2018-10-01
CUST-0127,Skipfire Group,APAC,Enterprise,2020-09-18
CUST-0128,Yodel LLC,EU,Enterprise,2018-05-04
CUST-0129,Kanoodle Inc,EU,Mid-Market,2020-09-12
CUST-0130,Skipfire Holdings,NA,SMB,2019-05-15
CUST-0131,Rhybox LLC,APAC,Mid-Market,2019-10-19
CUST-0132,Viva Systems,NA,Mid-Market,2020-11-13
CUST-0133,Voonix Holdings,APAC,SMB,2019-09-13
CUST-0134,Dabfeed Group,LATAM,Mid-Market,2021-03-24
CUST-0135,Yodel Holdings,NA,SMB,2020-02-19
CUST-0136,Viva Inc,EU,SMB,2021-12-29
CUST-0137,Dabtype Systems,NA,SMB,2020-07-20
CUST-0138,Mybuzz Co,APAC,SMB,2019-03-09
CUST-0139,Dabfeed Partners,NA,SMB,2021-02-05
CUST-0140,Zooxo Inc,LATAM,Mid-Market,2019-08-19
CUST-0141,Bluezoom Co,NA,Enterprise,2020-02-19
CUST-0142,Kanoodle Co,MEA,Mid-Market,2018-07-19
CUST-0143,Mybuzz Systems,APAC,Mid-Market,2018-06-24
CUST-0144,Dabtype Holdings,EU,Enterprise,2020-04-19
CUST-0145,Quaxo Co,APAC,SMB,2018-09-30
CUST-0146,Rhybox LLC,APAC,SMB,2021-12-27
CUST-0147,Voonix Group,LATAM,SMB,2021-06-03
CUST-0148,Quaxo Co,NA,SMB,2020-10-20
CUST-0149,Skiba Co,EU,Mid-Market,2020-12-08
CUST-0150,Viva Inc,NA,SMB,2020-05-19
CUST-0151,Photobean Partners,EU,SMB,2018-03-30
CUST-0152,Realcube Systems,NA,SMB,2019-07-27
CUST-0153,Quaxo Inc,EU,SMB,2019-12-25
CUST-0154,Viva Co,EU,Enterprise,2021-08-29
CUST-0155,Viva Inc,EU,SMB,2018-11-17
CUST-0156,Yodel Holdings,EU,SMB,2019-12-27
CUST-0157,Dabtype LLC,APAC,SMB,2019-05-18
CUST-0158,Bluezoom Holdings,APAC,SMB,2018-07-16
CUST-0159,Twinte Partners,EU,Mid-Market,2018-05-31
CUST-0160,Vinte Partners,EU,SMB,2019-06-18
CUST-0161,Viva Inc,LATAM,SMB,2018-05-01
CUST-0162,Yodel Systems,NA,SMB,2018-04-09
CUST-0163,Voonix LLC,NA,Mid-Market,2019-05-28
CUST-0164,Bluezoom Inc,NA,Mid-Market,2018-10-22
CUST-0165,Dabtype Co,APAC,Mid-Market,2020-03-21
CUST-0166,Quaxo Group,EU,Mid-Market,2018-01-26
CUST-0167,Viva Partners,APAC,Mid-Market,2019-03-17
CUST-0168,Dabfeed Partners,APAC,SMB,2019-10-24
CUST-0169,Voonix Group,NA,SMB,2021-11-07
CUST-0170,Skipfire Systems,LATAM,SMB,2020-07-15
CUST-0171,Yodel Group,APAC,SMB,2021-07-09
CUST-0172,Yodel Co,NA,Mid-Market,2019-05-17
CUST-0173,Vinte LLC,NA,SMB,2019-10-19
CUST-0174,Voonix Systems,NA,Mid-Market,2019-09-06
CUST-0175,Skipfire LLC,NA,Enterprise,2021-07-19
CUST-0176,Quaxo Inc,NA,SMB,2021-11-01
CUST-0177,Viva Co,LATAM,Enterprise,2021-11-06
CUST-0178,Voonix Systems,EU,Mid-Market,2021-01-02
CUST-0179,Dabtype Systems,NA,Enterprise,2020-01-05
CUST-0180,Zooxo Partners,APAC,SMB,2020-02-29
CUST-0181,Skiba Systems,EU,SMB,2021-12-02
CUST-0182,Bluezoom Systems,LATAM,SMB,2019-02-20
CUST-0183,Dabtype Co,APAC,SMB,2019-05-22
CUST-0184,Dabfeed Group,EU,SMB,2021-08-02
CUST-0185,Realcube Partners,NA,Enterprise,2019-07-19
CUST-0186,Photobean Holdings,MEA,Mid-Market,2018-12-10
CUST-0187,Mybuzz Group,APAC,SMB,2020-03-29
CUST-0188,Skiba Inc,MEA,SMB,2019-04-21
CUST-0189,Twinte Partners,NA,SMB,2021-07-24
CUST-0190,Photobean LLC,LATAM,SMB,2021-08-20
CUST-0191,Realcube Systems,EU,Enterprise,2019-03-23
CUST-0192,Voonix LLC,NA,SMB,2020-02-13
CUST-0193,Realcube Inc,EU,SMB,2021-12-07
CUST-0194,Zooxo Partners,APAC,Mid-Market,2020-12-19
CUST-0195,Vinte LLC,NA,SMB,2018-11-11
CUST-0196,Twinte LLC,EU,SMB,2020-05-12
CUST-0197,Photobean Holdings,APAC,Mid-Market,2020-06-24
CUST-0198,Kanoodle Systems,NA,Mid-Market,2020-08-12
CUST-0199,Realcube LLC,EU,Enterprise,2018-02-06
CUST-0200,Viva Group,EU,Mid-Market,2019-03-14
